Workbook

Sheet DO NOT DELETE
A12: This template is an exclusive property of Mapua-Malayan Digital College and is protected under Republic Act No. 8293, also known as the Intellectual Property Code of the Philippines (IP Code). It is provided solely for educational purposes within this course. Students may use this template to complete their tasks but may not modify, distribute, sell, upload, or claim ownership of the template itself. Such actions constitute copyright infringement under Sections 172, 177, and 216 of the IP Code and may result in legal consequences. Unauthorized use beyond this course may result in legal or academic consequences. Additionally, students must comply with the Mapua-Malayan Digital College Student Handbook, particularly with the following provisions: * Offenses Related to MMDC IT: - Section 6.2 – Unauthorized copying of files - Section 6.8 – Extraction of protected, copyrighted, and/or confidential information by electronic means using MMDC IT infrastructure * Offenses Related to MMDC Admin, IT, and Operations: - Section 4.5 – Unauthorized collection or extraction of money, checks, or other instruments of monetary equivalent in connection with matters pertaining to MMDC Violations of these policies may result in disciplinary actions ranging from suspension to dismissal, in accordance with the Student Handbook. For permissions or inquiries, please contact MMDC-ISD at isd@mmdc.mcl.edu.ph.

Sheet Project Information
B2: MO-IT147 Information Assurance and Security 1
A3: #ERROR! | B3: Project Information
B5: Welcome to the Risk Register for your selected project! This document will guide you through the risk management process, from identification to review. Follow the instructions carefully as you complete each section.
B7: How to Use This Risk Register:
B8: 1 | C8: Project Information Tab: Enter team details and describe your chosen system.
B9: 2 | C9: Risk Identification Tab: Identify security risks, determine threat sources, and assess CIA impact.
B10: 3 | C10: Risk Assessment Tab: Evaluate the likelihood and impact of each risk to prioritize mitigation.
B11: 4 | C11: Risk Mitigation Tab: Select mitigation strategies and security controls to reduce risk levels.
B12: 5 | C12: Risk Monitoring & Review Tab: Track security incidents, assess risk trends, and refine security measures.
B14: Team and Project Details
B15: Team Name | E15: Group 11
B16: Team Members and Roles | E16: Member 1: Abigail Fay Ramos (Project Coordinator)
E17: Member 2: Mayumi Tugade (Security Solution Designer)
E18: Member 3: Ron Carlo Dioso (Analysis and Documentation Lead)
E19: Member 4: Dorin Castillo (Risk and Threat Analyst)
B20: Project Title | E20: MotorPH Payroll Management System (Advanced OOP Version)
B21: Project Description | E21: A Java-based application built using Object-Oriented Programming (OOP) to handle payroll calculations, employee records, and reporting. It is functionally complete but needs a security audit.
B22: Core Functionalities | E22: • User authentication (HR vs. Employee) • Automated payroll processing • Employee record management • Database integration (JDBC/ORM)
B23: Sensitive Data Handled | E23: • Full names • Addresses • TIN/SSS/PhilHealth/Pag-IBIG numbers • Bank account details • Salary history
B24: Regulatory Considerations | E24: Republic Act No. 10173 (Data Privacy Act of 2012) and Philippine Labor Code requirements for financial record keeping.

Sheet Risk Identification
B2: MO-IT147 Information Assurance and Security 1
B3: Risk Identification
B4: Risk ID | D4: Risk Description | E4: System Component Affected | F4: Potential Impact | G4: Threat Source | H4: CIA Impact | I4: Risk Appetite Level | J4: Risk Tolerance Threshold | K4: Reason for Identification
B5: RISK-001 | D5: Unauthorized Salary Peeking: An employee bypassing role checks to see another's salary. | E5: User Authentication & Role-Based Access. | F5: Unauthorized access to employee payroll records can allow for disclosure of confidential employee information including salary, bank account information, tax records and personal employee information. This can result in privacy breaches, risk of identity theft, loss of employee trust in the company, and potential legal liability for not safeguarding confidential payroll data. | G5: Internal (Malicious): Regular employees exploiting weak RBAC logic. | H5: Confidentiality | I5: Low | J5: Zero tolerance for unvalidated or dynamic SQL queries. All database interactions must use parameterized queries or ORM safeguards. Any detected injection attempt must trigger immediate alerting, session termination, and logging. | K5: This risk was identified because the system implements role-based access control that may not be consistently enforced across all application layers, creating a vulnerability where access restrictions can be bypassed. This can be exploited by internal users, resulting in unauthorized access to sensitive payroll data.
B6: RISK-002 | D6: SQL Injection via Search: Hackers using the employee search bar to dump the whole database. | E6: Database Integration (JDBC/ORM). | F6: Successful SQL injection attack can give attackers the ability to alter, steal or destroy payroll database records. This may lead to payroll system disruption, compromised payroll data, unauthorized extraction of employee information, and payroll inaccuracies in the system. | G6: External (Adversarial): Cybercriminals exploiting unvalidated JDBC queries. | H6: Confidentiality & Integrity | I6: Low | J6: Zero tolerance for unauthorized modification of payroll data. All payroll changes must require proper authorization, multi-level approval (if applicable), and complete audit logging of all transactions. | K6: This risk was identified because the system relies on user input in database queries without guaranteed input validation or parameterized statements, introducing a vulnerability that can be exploited by external attackers. This may result in unauthorized data access, extraction, or manipulation of payroll records.
B7: RISK-003 | D7: Payroll Logic Tampering: Someone modifying the code or database to "boost" their bonus. | E7: Application Logic / Payroll Processing. | F7: Unauthorized access to payroll information could lead to wrong salary calculations, false payroll adjustments, or attendance and deduction manipulation. This could lead to financial loss, payroll issues, and incorrect financial reporting. | G7: Internal (Malicious): Insider with database access or developer-level privileges. | H7: Integrity | I7: Low | J7: Zero tolerance for unauthorized modification of payroll data. All payroll changes must require proper authorization, multi-level approval (if applicable), and complete audit logging of all transactions. | K7: This risk was identified because the system allows privileged access to payroll logic and database modifications without strict enforcement of access restrictions or monitoring, creating a vulnerability that can be exploited by insiders. This may lead to unauthorized changes in salary computations and financial records.
B8: RISK-004 | D8: Credential Exposure: Login passwords or DB strings stored in plain text in the system files. | E8: System Configuration / File Storage. | F8: Poor password security and authentication can enable an attacker to acquire unauthorized access to administrator or employee accounts. Once access to payroll is granted, attackers may be able to view, manipulate, or otherwise use payroll data, which can result in account takeover, exposure of sensitive data, and unauthorized use of the system. | G8: Internal (Non-Malicious): Developer error or poor coding practices. | H8: Confidentiality | I8: Low | J8: Zero tolerance for plaintext storage of sensitive credentials. All passwords must be hashed (e.g., bcrypt), and database connection strings must be encrypted or stored securely using environment variables or secrets management tools. | K8: This risk was identified because the system may store sensitive credentials in plain text or without proper encryption, creating a vulnerability that can be exploited through accidental exposure or unauthorized access. This can result in account compromise and full system access by attackers.
B9: RISK-005 | D9: Payday System Crash: A DDoS attack making it impossible to process payroll on the 15th. | E9: Infrastructure / Payroll Report Gen. | F9: System downtime caused by server failure, cyberattacks, or technical issues may interrupt payroll processing and prevent employees from accessing payroll services. Delayed salary processing and temporary inaccessibility of payroll records may affect company operations and employee satisfaction. | G9: External (Adversarial): Hackers targeting the cloud-hosted infrastructure. | H9: Availability | I9: Moderate | J9: System downtime must not exceed 2 hours per payroll cycle. Any outage beyond this threshold must trigger incident response procedures, escalation to IT operations, and system recovery protocols. | K9: This risk was identified because the system relies on cloud-based infrastructure that may lack sufficient traffic filtering and scalability controls, creating a vulnerability to high-volume traffic attacks. This can be exploited by external attackers, resulting in system downtime and disruption of payroll operations.

Sheet Risk Assessment
B2: MO-IT147 Information Assurance and Security 1
B3: Risk Assessment
B5: Risk ID | D5: Risk Description | E5: Likelihood | F5: Justification | G5: Impact | H5: Justification | I5: Risk Level
B6: =('Risk Identification'!B5:C5) -> RISK-001 | D6: =('Risk Identification'!D5) -> Unauthorized Salary Peeking: An employee bypassing role checks to see another's salary. | E6: Medium | F6: AOOP focuses on functionality; role-based access logic may be incomplete or bypassable through direct class calls. | G6: Critical | H6: Disclosure of salaries violates the Data Privacy Act (RA 10173) and destroys employee trust. | I6: High
B7: =('Risk Identification'!B6:C6) -> RISK-002 | D7: =('Risk Identification'!D6) -> SQL Injection via Search: Hackers using the employee search bar to dump the whole database. | E7: High | F7: The system uses JDBC/ORM for database integration. Without specific security patches, it is highly susceptible to unsanitized input. | G7: Critical | H7: A full database dump exposes all PII (TIN, SSS, Bank details) for all employees. | I7: Critical
B8: =('Risk Identification'!B7:C7) -> RISK-003 | D8: =('Risk Identification'!D7) -> Payroll Logic Tampering: Someone modifying the code or database to "boost" their bonus. | E8: Low | F8: Requires internal access to the application logic or source code, which is usually restricted to developers or admins. | G8: Critical | H8: Tampered logic leads to incorrect salary disbursements, causing financial loss and legal liability. | I8: High
B9: =('Risk Identification'!B8:C8) -> RISK-004 | D9: =('Risk Identification'!D8) -> Credential Exposure: Login passwords or DB strings stored in plain text in the system files. | E9: High | F9: As the design primarily focused on persistence and behavior, encryption for data-at-rest was likely not implemented yet. | G9: Critical | H9: Non-compliance with DPA standards; any unauthorized DB access results in immediate data exposure. | I9: Critical
B10: =('Risk Identification'!B9:C9) -> RISK-005 | D10: =('Risk Identification'!D9) -> Payday System Crash: A DDoS attack making it impossible to process payroll on the 15th. | E10: Medium | F10: Cloud-hosted systems are frequently targeted by automated DDoS bots or may suffer from third-party provider outages. | G10: Major | H10: Prevents payroll processing during critical payday windows, causing operational paralysis and employee dissatisfaction. | I10: High

Sheet Risk Mitigation
B2: MO-IT147 Information Assurance and Security 1
B3: Risk Mitigation
B5: Risk ID | D5: Risk Description | E5: Risk Mitigation Strategy | F5: Selected / Refined Security Control(s) | G5: Justification
B6: =('Risk Identification'!B5:C5) -> RISK-001 | D6: =('Risk Identification'!D5) -> Unauthorized Salary Peeking: An employee bypassing role checks to see another's salary. | E6: Enforce strict role validation at both application and database levels, continuously monitor access logs for anomalies, and immediately revoke unauthorized sessions upon detection. | F6: Role-Based Access Control (RBAC) Least Privilege Enforcement Access Log Monitoring Session Management | G6: RBAC and Least Privilege prevent unauthorized access at the source, while monitoring and session controls enable detection and immediate response. This aligns with protecting confidentiality under the Data Privacy Act of 2012.
B7: =('Risk Identification'!B6:C6) -> RISK-002 | D7: =('Risk Identification'!D6) -> SQL Injection via Search: Hackers using the employee search bar to dump the whole database. | E7: Implement secure coding practices to prevent injection, validate and sanitize all user inputs, and monitor database queries for suspicious activity. | F7: Input Validation & Sanitization Parameterized Queries (Prepared Statements) Web Application Firewall (WAF) Database Activity Monitoring | G7: Preventive controls like parameterized queries eliminate injection vulnerabilities, while WAF and monitoring provide detection and response layers, following a Defense-in-Depth approach.
B8: =('Risk Identification'!B7:C7) -> RISK-003 | D8: =('Risk Identification'!D7) -> Payroll Logic Tampering: Someone modifying the code or database to "boost" their bonus. | E8: Restrict modification access to payroll logic, enforce approval workflows for critical changes, and maintain audit trails for all transactions. | F8: Privileged Access Management (PAM) Change Management Controls Audit Trails Segregation of Duties (SoD) | G8: Limiting and monitoring privileged access reduces insider threats, while audit trails and approval workflows ensure integrity and accountability of payroll processes.
B9: =('Risk Identification'!B8:C8) -> RISK-004 | D9: =('Risk Identification'!D8) -> Credential Exposure: Login passwords or DB strings stored in plain text in the system files. | E9: Secure all credentials using encryption and hashing, enforce strong authentication policies, and regularly rotate credentials to minimize exposure risks. | F9: Password Hashing (e.g., bcrypt) Encrypted Credential Storage Multi-Factor Authentication (MFA) Credential Rotation | G9: Encryption and hashing protect credentials at rest, while MFA and rotation reduce the risk of account compromise, addressing both prevention and containment of breaches.
B10: =('Risk Identification'!B9:C9) -> RISK-005 | D10: =('Risk Identification'!D9) -> Payday System Crash: A DDoS attack making it impossible to process payroll on the 15th. | E10: Implement traffic filtering and scalable infrastructure to absorb attacks, while ensuring redundancy and failover systems maintain payroll availability. | F10: DDoS Protection Service Load Balancing Auto-Scaling Infrastructure Failover & Redundancy Systems | G10: These controls ensure system availability even under attack conditions by distributing load and maintaining backup resources, aligning with the Availability principle of the CIA Triad.

Sheet Risk Monitoring and Review
B2: MO-IT147 Information Assurance and Security 1
B3: Risk Montoring and Review
B5: Risk ID | D5: Risk Description | E5: Mitigation Strategy Implemented | F5: Monitoring Metrics (Based on Strategy) | G5: Expected Trend (If Mitigation is Effective) | H5: Trigger Threshold (When Action is Needed) | I5: Review Findings & Adjustments
B6: =('Risk Identification'!B5:C5) -> RISK-001 | D6: =('Risk Identification'!D5) -> Unauthorized Salary Peeking: An employee bypassing role checks to see another's salary. | E6: Role-Based Access Control (RBAC), Least Privilege Enforcement, Access Log Monitoring, Session Management | F6: Number of unauthorized access attempts, access log anomalies, privilege escalation attempts detected, session timeout violations | G6: Decrease in unauthorized access attempts and zero successful privilege bypass cases over time | H6: Any detected successful access to unauthorized salary records or repeated role violation attempts within a short timeframe | I6: If repeated access anomalies are detected, RBAC rules will be tightened and session validation logic will be reviewed and reinforced
B7: =('Risk Identification'!B6:C6) -> RISK-002 | D7: =('Risk Identification'!D6) -> SQL Injection via Search: Hackers using the employee search bar to dump the whole database. | E7: Parameterized Queries, Input Validation, Web Application Firewall (WAF), Database Activity Monitoring | F7: Blocked SQL injection attempts, abnormal query patterns, WAF alerts, database error logs | G7: High number of blocked attempts but zero successful database breaches over time | H7: Any successful unauthorized query execution or spike in injection attempts targeting search inputs | I7: If attack patterns evolve, WAF rules and input validation logic will be updated and hardened
B8: =('Risk Identification'!B7:C7) -> RISK-003 | D8: =('Risk Identification'!D7) -> Payroll Logic Tampering: Someone modifying the code or database to "boost" their bonus. | E8: Privileged Access Management (PAM), Change Management Controls, Audit Trails, Segregation of Duties | F8: Number of privileged changes, unauthorized modification attempts, audit log inconsistencies, approval workflow violations | G8: Reduction in unauthorized modifications and full traceability of all payroll changes | H8: Any unapproved change to payroll logic or detected bypass of approval workflows | I8: Strengthen approval workflows and restrict privileged roles if unauthorized changes are detected
B9: =('Risk Identification'!B8:C8) -> RISK-004 | D9: =('Risk Identification'!D8) -> Credential Exposure: Login passwords or DB strings stored in plain text in the system files. | E9: Password Hashing, Encrypted Credential Storage, MFA Enforcement, Credential Rotation | F9: Number of failed authentication attempts, credential reuse detection, security audit findings, exposed secret detection alerts | G9: Decrease in credential-related incidents and no detection of exposed plaintext credentials | H9: Detection of any plaintext credential exposure or confirmed unauthorized account access | I9: If exposure is detected, enforce immediate credential rotation and strengthen encryption standards
B10: =('Risk Identification'!B9:C9) -> RISK-005 | D10: =('Risk Identification'!D9) -> Payday System Crash: A DDoS attack making it impossible to process payroll on the 15th. | E10: DDoS Protection Service, Load Balancing, Auto-Scaling Infrastructure, Failover Systems | F10: Traffic volume spikes, server response time, system uptime percentage, failed request rate during peak periods | G10: Stable uptime during payroll periods with absorbed or filtered traffic spikes | H10: Sustained traffic overload causing degraded performance or service unavailability during payroll processing windows | I10: If overload persists, scaling rules and traffic filtering thresholds will be adjusted and infrastructure capacity increased

Sheet Team Contributions Table 
B2: MO-IT147 Information Assurance and Security 1
B3: Team Contributions Table
B5: Purpose of This Section This section documents how each group member contributed to the development of the Risk Register, including risk identification, assessment, mitigation decisions, and monitoring planning. It is not graded directly but is used to: - ensure meaningful participation from all group members, - make contributions visible within the team, - support accountability across different specializations, and - provide context to your mentor when reviewing your work.
B7: How to Complete This Section Each group member should: List 1–2 factual examples of their contributions to the Risk Register Focus on what they actually did, not opinions or evaluations Examples of valid contributions: - Identified specific risks related to authentication or network design - Justified likelihood and impact ratings for selected risks - Proposed mitigation strategies or security controls - Defined monitoring metrics or thresholds - Reviewed alignment across Risk Register sections Do NOT include: - Opinions about yourself or teammates - Feedback or complaints - General statements like “helped the group” | E7: Ratings should follow the scale below: 0 – Did not meaningfully participate in discussion or decisions 1 – Participated minimally (listened, responded when prompted) 2 – Contributed ideas, reasoning, or analysis 3 – Actively shaped decisions and helped align the team This rating is for transparency and reflection, not scoring.
B9: Important Notes - Use this table for contribution summaries and ratings only - Keep descriptions clear, specific, and factual - Do not include complaints, concerns, or detailed feedback about team members in this section If you encounter issues with participation, collaboration, or fairness, you may privately message your mentor directly. This ensures concerns are handled appropriately and confidentially, without affecting the objectivity of this document.
B11: Member Name | D11: Contribution Description (self-written) | E11: Self-Rating (0–3) | F11: Peer Rating – Member A | G11: Peer Rating – Member B | H11: Peer Rating – Member C
B12: Ron Carlo Dioso | D12: Team and Project Details, Threat Source and CIA Impact, Risk Assessment | E12: 3
B15: Mayumi Tugade | D15: System Component Affected and Potential Impact & risk mitigation | E15: 3
B16: Dorin Castillo | D16: Risk appetite level, Risk Tolerance Threshold and Risk Monitoring Review | E16: 3
